<?xml version="1.0" encoding="UTF-8"?>
<build-type xmlns:xsi="http://www.w3.org/2001/XMLSchema-instance" uuid="02c7f3cb-592f-4b2f-b6d5-bf4d7438ae29" xsi:noNamespaceSchemaLocation="https://www.jetbrains.com/teamcity/schemas/2021.1/project-config.xsd">
  <name>Build</name>
  <description />
  <settings>
    <parameters />
    <build-runners>
      <runner id="RUNNER_1" name="Format check" type="simpleRunner">
        <parameters>
          <param name="script.content" value="cargo fmt -- --check" />
          <param name="teamcity.step.mode" value="default" />
          <param name="use.custom.script" value="true" />
        </parameters>
      </runner>
      <runner id="RUNNER_2" name="Build" type="simpleRunner">
        <parameters>
          <param name="script.content" value="cargo build" />
          <param name="teamcity.step.mode" value="default" />
          <param name="use.custom.script" value="true" />
        </parameters>
      </runner>
    </build-runners>
    <vcs-settings>
      <vcs-entry-ref root-id="Microservice_HttpGitServer3000developerMicroserviceGitRefsHeadsMaster" />
    </vcs-settings>
    <requirements />
    <build-triggers>
      <build-trigger id="TRIGGER_1" type="vcsTrigger">
        <parameters>
          <param name="branchFilter" value="+:*" />
          <param name="enableQueueOptimization" value="true" />
          <param name="quietPeriodMode" value="DO_NOT_USE" />
        </parameters>
      </build-trigger>
    </build-triggers>
    <build-extensions>
      <extension id="perfmon" type="perfmon">
        <parameters>
          <param name="teamcity.perfmon.feature.enabled" value="true" />
        </parameters>
      </extension>
    </build-extensions>
    <cleanup />
  </settings>
</build-type>

