<root>
  <page path="/admin/createObjectMenu.html">
    <usage userId="1" timestamp="1674286368621" />
  </page>
  <page path="/admin/vcsRootHealthStatusItems.html">
    <usage userId="1" timestamp="1674287672034" />
  </page>
  <page path="/admin/discoverRunners.html">
    <usage userId="1" timestamp="1674286545617" />
  </page>
  <page path="/buildConfiguration/Microservice_Build">
    <usage userId="1" timestamp="1674287621644" />
  </page>
  <page path="/projectHealthStatusItems.html">
    <usage userId="1" timestamp="1674292042523" />
  </page>
  <page path="/admin/createObjectFromUrl.html">
    <usage userId="1" timestamp="1674286369610" />
  </page>
  <page path="/admin/editBuildRunners.html">
    <usage userId="1" timestamp="1674287257416" />
  </page>
  <page path="/agents.html?tab=agentsStatisticsTableTab">
    <usage userId="1" timestamp="1674286280526" />
  </page>
  <page path="/project.html?tab=investigations">
    <usage userId="1" timestamp="1674287461879" />
  </page>
  <page path="/bsout.html">
    <usage userId="1" timestamp="1674292092119" />
  </page>
  <page path="/admin/editProject.html?tab=projectVcsRoots">
    <usage userId="1" timestamp="1674292053209" />
  </page>
  <page path="/agents">
    <usage userId="1" timestamp="1674287271952" />
  </page>
  <page path="/project.html">
    <usage userId="1" timestamp="1674287757143" />
  </page>
  <page path="/agents.html?tab=agentsStatisticsTab">
    <usage userId="1" timestamp="1674286275628" />
  </page>
  <page path="/admin/editTriggers.html">
    <usage userId="1" timestamp="1674287626611" />
  </page>
  <page path="/favorite/projects">
    <usage userId="1" timestamp="1674292058329" />
  </page>
  <page path="/diffView.html">
    <usage userId="1" timestamp="1674287131606" />
  </page>
  <page path="/admin/editRunType.html">
    <usage userId="1" timestamp="1674287235687" />
  </page>
  <page path="/viewQueued.html">
    <usage userId="1" timestamp="1674286861438" />
  </page>
  <page path="/admin/editProject.html">
    <usage userId="1" timestamp="1674292044693" />
  </page>
  <page path="/project/Microservice">
    <usage userId="1" timestamp="1674287804720" />
  </page>
  <page path="/agent/1?tab=logs">
    <usage userId="1" timestamp="1674286342536" />
  </page>
  <page path="/agentDetails.html?tab=agentCompatibleConfigurations">
    <usage userId="1" timestamp="1674286346545" />
  </page>
  <page path="/buildConfiguration/Microservice_Build/1">
    <usage userId="1" timestamp="1674286862233" />
  </page>
  <page path="/viewType.html">
    <usage userId="1" timestamp="1674292089338" />
  </page>
  <page path="/agentDetails.html?tab=agentBuildRunners">
    <usage userId="1" timestamp="1674287506007" />
  </page>
  <page path="/agents.html?tab=agent.push">
    <usage userId="1" timestamp="1674286272866" />
  </page>
  <page path="/agents/overview?tab=agentsParametersReport">
    <usage userId="1" timestamp="1674286284124" />
  </page>
  <page path="/runCustomBuild.html">
    <usage userId="1" timestamp="1674287567342" />
  </page>
  <page path="/agentDetails.html?tab=agentSummary">
    <usage userId="1" timestamp="1674287477683" />
  </page>
  <page path="/agentDetails.html?tab=agentParameters">
    <usage userId="1" timestamp="1674286332454" />
  </page>
  <page path="/admin/editBuild.html">
    <usage userId="1" timestamp="1674287597968" />
  </page>
  <page path="/admin/buildTypeHealthStatusItems.html">
    <usage userId="1" timestamp="1674287640199" />
  </page>
  <page path="/viewType.html?tab=buildTypeStatusDiv">
    <usage userId="1" timestamp="1674287621152" />
  </page>
  <page path="/admin/editBuildTypeVcsRoots.html">
    <usage userId="1" timestamp="1674287639127" />
  </page>
  <page path="/admin/editVcsRoot.html">
    <usage userId="1" timestamp="1674287670492" />
  </page>
  <page path="/agents.html?tab=agentsParametersReport">
    <usage userId="1" timestamp="1674286285321" />
  </page>
  <page path="/viewLog.html">
    <usage userId="1" timestamp="1674292092141" />
  </page>
  <page path="/admin/projectHealthStatusItems.html">
    <usage userId="1" timestamp="1674292054286" />
  </page>
  <page path="/admin/objectSetup.html">
    <usage userId="1" timestamp="1674286517811" />
  </page>
  <page path="/project.html?tab=stats">
    <usage userId="1" timestamp="1674287467167" />
  </page>
  <page path="/buildTypeHealthStatusItems.html">
    <usage userId="1" timestamp="1674292089390" />
  </page>
  <page path="/agentDetails.html?tab=agentLogs">
    <usage userId="1" timestamp="1674287524849" />
  </page>
</root>